{
  "chosen_step_size": 0.0001,
  "seed_feasible_count": 12,
  "seed_total_count": 12,
  "step_candidates": [
    0.0001,
    3e-05,
    1e-05,
    3e-06,
    1e-06
  ],
  "n_samples": 20,
  "feasibility_rate": 1.0,
  "margin_mean": 3.5161228914232933e-07,
  "margin_std": 3.818784125043526e-07,
  "margin_min": 4.1427911939205485e-08,
  "margin_p10": 5.039068134912974e-08,
  "mean_nn_dist": 0.0026238891296088696,
  "mean_pairwise_dist": 10.019530296325684,
  "mean_dist_from_seeds": 0.013983191922307014,
  "pixel_variance_mean": 0.07425454258918762
}