{
  "chosen_step_size": 0.0001,
  "seed_feasible_count": 12,
  "seed_total_count": 12,
  "step_candidates": [
    0.0001,
    3e-05,
    1e-05,
    3e-06,
    1e-06
  ],
  "n_samples": 20,
  "feasibility_rate": 1.0,
  "margin_mean": 1.5209866634907325e-08,
  "margin_std": 1.734383846891286e-08,
  "margin_min": 2.8036620525174798e-11,
  "margin_p10": 1.1896872642849174e-09,
  "mean_nn_dist": 0.0034320049453526735,
  "mean_pairwise_dist": 7.95695161819458,
  "mean_dist_from_seeds": 0.013446027413010597,
  "pixel_variance_mean": 0.049025680869817734
}