{
  "chosen_step_size": 0.0001,
  "seed_feasible_count": 12,
  "seed_total_count": 12,
  "step_candidates": [
    0.0001,
    3e-05,
    1e-05,
    3e-06,
    1e-06
  ],
  "n_samples": 20,
  "feasibility_rate": 1.0,
  "margin_mean": 2.703069843295261e-11,
  "margin_std": 2.922279027767894e-11,
  "margin_min": 1.7551795342089217e-12,
  "margin_p10": 3.997701471001384e-12,
  "mean_nn_dist": 0.002909567905589938,
  "mean_pairwise_dist": 8.693177223205566,
  "mean_dist_from_seeds": 0.01279467809945345,
  "pixel_variance_mean": 0.0577603355050087
}