{
  "chosen_step_size": 0.0001,
  "seed_feasible_count": 12,
  "seed_total_count": 12,
  "step_candidates": [
    0.0001,
    3e-05,
    1e-05,
    3e-06,
    1e-06
  ],
  "n_samples": 20,
  "feasibility_rate": 1.0,
  "margin_mean": 6.414571051223233e-09,
  "margin_std": 6.764934696425434e-09,
  "margin_min": 4.4510086050884585e-12,
  "margin_p10": 4.170595062967886e-10,
  "mean_nn_dist": 0.002731557236984372,
  "mean_pairwise_dist": 10.904691696166992,
  "mean_dist_from_seeds": 0.013113664463162422,
  "pixel_variance_mean": 0.08598285168409348
}