{
  "chosen_step_size": 0.0001,
  "seed_feasible_count": 12,
  "seed_total_count": 12,
  "step_candidates": [
    0.0001,
    3e-05,
    1e-05,
    3e-06,
    1e-06
  ],
  "n_samples": 20,
  "feasibility_rate": 1.0,
  "margin_mean": 5.165780381404419e-11,
  "margin_std": 3.143139214638381e-11,
  "margin_min": 8.05825091015498e-12,
  "margin_p10": 1.1292589974093897e-11,
  "mean_nn_dist": 0.0031041940674185753,
  "mean_pairwise_dist": 8.911734580993652,
  "mean_dist_from_seeds": 0.011887201108038425,
  "pixel_variance_mean": 0.06032789126038551
}