{
  "chosen_step_size": 0.0001,
  "seed_feasible_count": 12,
  "seed_total_count": 12,
  "step_candidates": [
    0.0001,
    3e-05,
    1e-05,
    3e-06,
    1e-06
  ],
  "n_samples": 20,
  "feasibility_rate": 1.0,
  "margin_mean": 2.20630864421915e-11,
  "margin_std": 2.5025856509936648e-11,
  "margin_min": 1.756742315339171e-12,
  "margin_p10": 2.698995011748363e-12,
  "mean_nn_dist": 0.0034281443804502487,
  "mean_pairwise_dist": 9.277972221374512,
  "mean_dist_from_seeds": 0.01332622766494751,
  "pixel_variance_mean": 0.07112613320350647
}