{
  "chosen_step_size": 0.0001,
  "seed_feasible_count": 12,
  "seed_total_count": 12,
  "step_candidates": [
    0.0001,
    3e-05,
    1e-05,
    3e-06,
    1e-06
  ],
  "n_samples": 20,
  "feasibility_rate": 1.0,
  "margin_mean": 4.033389509427211e-06,
  "margin_std": 6.829051244824284e-06,
  "margin_min": 1.4904053632957564e-09,
  "margin_p10": 1.9917235309497837e-09,
  "mean_nn_dist": 0.003887203289195895,
  "mean_pairwise_dist": 9.189373016357422,
  "mean_dist_from_seeds": 0.015221355482935905,
  "pixel_variance_mean": 0.06721848994493484
}