{
  "chosen_step_size": 0.0001,
  "seed_feasible_count": 12,
  "seed_total_count": 12,
  "step_candidates": [
    0.0001,
    3e-05,
    1e-05,
    3e-06,
    1e-06
  ],
  "n_samples": 20,
  "feasibility_rate": 1.0,
  "margin_mean": 1.3219027655249782e-08,
  "margin_std": 1.0566893549293481e-08,
  "margin_min": 1.9919003076871563e-09,
  "margin_p10": 3.011818420840522e-09,
  "mean_nn_dist": 0.003156980499625206,
  "mean_pairwise_dist": 4.481910228729248,
  "mean_dist_from_seeds": 0.015310312621295452,
  "pixel_variance_mean": 0.015037678182125092
}