{
  "chosen_step_size": 0.0001,
  "seed_feasible_count": 12,
  "seed_total_count": 12,
  "step_candidates": [
    0.0001,
    3e-05,
    1e-05,
    3e-06,
    1e-06
  ],
  "n_samples": 20,
  "feasibility_rate": 1.0,
  "margin_mean": 4.673987438836606e-08,
  "margin_std": 4.980114792951881e-08,
  "margin_min": 1.3892108454313463e-09,
  "margin_p10": 4.6923679561345226e-09,
  "mean_nn_dist": 0.004331906791776419,
  "mean_pairwise_dist": 4.919112205505371,
  "mean_dist_from_seeds": 0.01690775156021118,
  "pixel_variance_mean": 0.01775207929313183
}