{
  "chosen_step_size": 0.0001,
  "seed_feasible_count": 12,
  "seed_total_count": 12,
  "step_candidates": [
    0.0001,
    3e-05,
    1e-05,
    3e-06,
    1e-06
  ],
  "n_samples": 20,
  "feasibility_rate": 1.0,
  "margin_mean": 5.859771428869575e-09,
  "margin_std": 5.134497002056409e-09,
  "margin_min": 2.711810919646545e-10,
  "margin_p10": 3.19391063869482e-10,
  "mean_nn_dist": 0.0031072194688022137,
  "mean_pairwise_dist": 9.376944541931152,
  "mean_dist_from_seeds": 0.013597133569419384,
  "pixel_variance_mean": 0.0634392648935318
}