{
  "chosen_step_size": 0.0001,
  "seed_feasible_count": 12,
  "seed_total_count": 12,
  "step_candidates": [
    0.0001,
    3e-05,
    1e-05,
    3e-06,
    1e-06
  ],
  "n_samples": 20,
  "feasibility_rate": 1.0,
  "margin_mean": 6.786082437950134e-11,
  "margin_std": 6.091659177050071e-11,
  "margin_min": 1.753683961700661e-12,
  "margin_p10": 5.564574109242482e-12,
  "mean_nn_dist": 0.004011115059256554,
  "mean_pairwise_dist": 11.271881103515625,
  "mean_dist_from_seeds": 0.016240432858467102,
  "pixel_variance_mean": 0.09354811161756516
}