{
  "chosen_step_size": 0.0001,
  "seed_feasible_count": 12,
  "seed_total_count": 12,
  "step_candidates": [
    0.0001,
    3e-05,
    1e-05,
    3e-06,
    1e-06
  ],
  "n_samples": 20,
  "feasibility_rate": 1.0,
  "margin_mean": 9.945523582688183e-11,
  "margin_std": 1.384352013766854e-10,
  "margin_min": 7.174925933476307e-13,
  "margin_p10": 4.4125794490879294e-12,
  "mean_nn_dist": 0.0016757504781708121,
  "mean_pairwise_dist": 9.405404090881348,
  "mean_dist_from_seeds": 0.007429100573062897,
  "pixel_variance_mean": 0.06636467576026917
}