{
  "chosen_step_size": 0.0001,
  "seed_feasible_count": 12,
  "seed_total_count": 12,
  "step_candidates": [
    0.0001,
    3e-05,
    1e-05,
    3e-06,
    1e-06
  ],
  "n_samples": 20,
  "feasibility_rate": 1.0,
  "margin_mean": 5.107975073794862e-09,
  "margin_std": 6.212579749796237e-09,
  "margin_min": 9.784611842212203e-11,
  "margin_p10": 2.495076019764112e-10,
  "mean_nn_dist": 0.003032344626262784,
  "mean_pairwise_dist": 10.168676376342773,
  "mean_dist_from_seeds": 0.012667804956436157,
  "pixel_variance_mean": 0.07681474834680557
}