{
  "chosen_step_size": 0.0001,
  "seed_feasible_count": 12,
  "seed_total_count": 12,
  "step_candidates": [
    0.0001,
    3e-05,
    1e-05,
    3e-06,
    1e-06
  ],
  "n_samples": 20,
  "feasibility_rate": 1.0,
  "margin_mean": 3.024518746389874e-09,
  "margin_std": 2.454606171900962e-09,
  "margin_min": 1.8152712059185146e-10,
  "margin_p10": 5.13395933366185e-10,
  "mean_nn_dist": 0.001504438929259777,
  "mean_pairwise_dist": 8.5942964553833,
  "mean_dist_from_seeds": 0.007348683662712574,
  "pixel_variance_mean": 0.0564437098801136
}