{
  "chosen_step_size": 0.0001,
  "seed_feasible_count": 12,
  "seed_total_count": 12,
  "step_candidates": [
    0.0001,
    3e-05,
    1e-05,
    3e-06,
    1e-06
  ],
  "n_samples": 20,
  "feasibility_rate": 1.0,
  "margin_mean": 4.871069041157271e-07,
  "margin_std": 4.988029623078793e-07,
  "margin_min": 4.754028112982874e-08,
  "margin_p10": 6.789366566631798e-08,
  "mean_nn_dist": 0.0020392786245793104,
  "mean_pairwise_dist": 5.555838108062744,
  "mean_dist_from_seeds": 0.012473730370402336,
  "pixel_variance_mean": 0.024264968931674957
}