{
  "chosen_step_size": 0.0001,
  "seed_feasible_count": 12,
  "seed_total_count": 12,
  "step_candidates": [
    0.0001,
    3e-05,
    1e-05,
    3e-06,
    1e-06
  ],
  "n_samples": 20,
  "feasibility_rate": 1.0,
  "margin_mean": 1.9287764862499816e-08,
  "margin_std": 1.2501235246944832e-08,
  "margin_min": 2.427554190216573e-09,
  "margin_p10": 6.318415464396252e-09,
  "mean_nn_dist": 0.0033530141226947308,
  "mean_pairwise_dist": 8.175569534301758,
  "mean_dist_from_seeds": 0.01475943811237812,
  "pixel_variance_mean": 0.0520130917429924
}