{
  "chosen_step_size": 0.0001,
  "seed_feasible_count": 12,
  "seed_total_count": 12,
  "step_candidates": [
    0.0001,
    3e-05,
    1e-05,
    3e-06,
    1e-06
  ],
  "n_samples": 20,
  "feasibility_rate": 1.0,
  "margin_mean": 1.3048805695233669e-08,
  "margin_std": 1.1404354922737433e-08,
  "margin_min": 5.923422294034575e-11,
  "margin_p10": 3.217899161234283e-09,
  "mean_nn_dist": 0.003911945037543774,
  "mean_pairwise_dist": 9.747011184692383,
  "mean_dist_from_seeds": 0.01683972217142582,
  "pixel_variance_mean": 0.06904653459787369
}