{
  "chosen_step_size": 0.0001,
  "seed_feasible_count": 12,
  "seed_total_count": 12,
  "step_candidates": [
    0.0001,
    3e-05,
    1e-05,
    3e-06,
    1e-06
  ],
  "n_samples": 20,
  "feasibility_rate": 1.0,
  "margin_mean": 4.975748113260536e-09,
  "margin_std": 9.700611088526636e-09,
  "margin_min": 1.5626411820738167e-12,
  "margin_p10": 4.550936197137076e-12,
  "mean_nn_dist": 0.0013660077238455415,
  "mean_pairwise_dist": 7.557887077331543,
  "mean_dist_from_seeds": 0.0076322248205542564,
  "pixel_variance_mean": 0.04125606641173363
}