{
  "chosen_step_size": 0.0001,
  "seed_feasible_count": 12,
  "seed_total_count": 12,
  "step_candidates": [
    0.0001,
    3e-05,
    1e-05,
    3e-06,
    1e-06
  ],
  "n_samples": 20,
  "feasibility_rate": 1.0,
  "margin_mean": 1.0208645925225946e-07,
  "margin_std": 7.895422581813278e-08,
  "margin_min": 4.3016589020611544e-10,
  "margin_p10": 3.079727067275662e-08,
  "mean_nn_dist": 0.0047971163876354694,
  "mean_pairwise_dist": 7.870847225189209,
  "mean_dist_from_seeds": 0.019457394257187843,
  "pixel_variance_mean": 0.047915730625391006
}