{
  "chosen_step_size": 0.0001,
  "seed_feasible_count": 12,
  "seed_total_count": 12,
  "step_candidates": [
    0.0001,
    3e-05,
    1e-05,
    3e-06,
    1e-06
  ],
  "n_samples": 20,
  "feasibility_rate": 1.0,
  "margin_mean": 1.2203779749724559e-08,
  "margin_std": 8.521458624132407e-09,
  "margin_min": 2.9786532450964763e-10,
  "margin_p10": 1.319715040197657e-09,
  "mean_nn_dist": 0.00360599416308105,
  "mean_pairwise_dist": 6.7421135902404785,
  "mean_dist_from_seeds": 0.016112226992845535,
  "pixel_variance_mean": 0.03359691798686981
}