{
  "chosen_step_size": 0.0001,
  "seed_feasible_count": 12,
  "seed_total_count": 12,
  "step_candidates": [
    0.0001,
    3e-05,
    1e-05,
    3e-06,
    1e-06
  ],
  "n_samples": 20,
  "feasibility_rate": 1.0,
  "margin_mean": 2.304463523205786e-09,
  "margin_std": 3.1170731531147792e-09,
  "margin_min": 9.309083107274433e-12,
  "margin_p10": 2.364507109247706e-10,
  "mean_nn_dist": 0.0009706385317258537,
  "mean_pairwise_dist": 9.458870887756348,
  "mean_dist_from_seeds": 0.00662598479539156,
  "pixel_variance_mean": 0.06583943963050842
}