{
  "chosen_step_size": 0.0001,
  "seed_feasible_count": 12,
  "seed_total_count": 12,
  "step_candidates": [
    0.0001,
    3e-05,
    1e-05,
    3e-06,
    1e-06
  ],
  "n_samples": 20,
  "feasibility_rate": 1.0,
  "margin_mean": 1.3567109716405758e-06,
  "margin_std": 1.0804275304530834e-06,
  "margin_min": 2.7135654471675756e-07,
  "margin_p10": 3.626365651046358e-07,
  "mean_nn_dist": 0.005499929189682007,
  "mean_pairwise_dist": 4.80795955657959,
  "mean_dist_from_seeds": 0.02061178907752037,
  "pixel_variance_mean": 0.01741480827331543
}