{
  "chosen_step_size": 0.0001,
  "seed_feasible_count": 12,
  "seed_total_count": 12,
  "step_candidates": [
    0.0001,
    3e-05,
    1e-05,
    3e-06,
    1e-06
  ],
  "n_samples": 20,
  "feasibility_rate": 1.0,
  "margin_mean": 3.2059983781894355e-08,
  "margin_std": 3.3000243605938484e-08,
  "margin_min": 2.767867756535861e-09,
  "margin_p10": 4.037580604543674e-09,
  "mean_nn_dist": 0.004407285246998072,
  "mean_pairwise_dist": 9.178448677062988,
  "mean_dist_from_seeds": 0.018037134781479836,
  "pixel_variance_mean": 0.06285612285137177
}