{
  "chosen_step_size": 0.0001,
  "seed_feasible_count": 12,
  "seed_total_count": 12,
  "step_candidates": [
    0.0001,
    3e-05,
    1e-05,
    3e-06,
    1e-06
  ],
  "n_samples": 20,
  "feasibility_rate": 1.0,
  "margin_mean": 1.853346065379244e-11,
  "margin_std": 2.505728907064473e-11,
  "margin_min": 3.6972026439722934e-14,
  "margin_p10": 7.82882659861133e-13,
  "mean_nn_dist": 0.0013602942926809192,
  "mean_pairwise_dist": 9.763442039489746,
  "mean_dist_from_seeds": 0.00959301833063364,
  "pixel_variance_mean": 0.07735283672809601
}