{
  "chosen_step_size": 0.0001,
  "seed_feasible_count": 12,
  "seed_total_count": 12,
  "step_candidates": [
    0.0001,
    3e-05,
    1e-05,
    3e-06,
    1e-06
  ],
  "n_samples": 20,
  "feasibility_rate": 1.0,
  "margin_mean": 3.0148188944133547e-09,
  "margin_std": 4.269933880191234e-09,
  "margin_min": 6.884720014645707e-11,
  "margin_p10": 9.948420421163047e-11,
  "mean_nn_dist": 0.0021793353371322155,
  "mean_pairwise_dist": 8.63819408416748,
  "mean_dist_from_seeds": 0.009953882545232773,
  "pixel_variance_mean": 0.05461351200938225
}