{
  "chosen_step_size": 0.0001,
  "seed_feasible_count": 12,
  "seed_total_count": 12,
  "step_candidates": [
    0.0001,
    3e-05,
    1e-05,
    3e-06,
    1e-06
  ],
  "n_samples": 20,
  "feasibility_rate": 1.0,
  "margin_mean": 3.2297587906483558e-09,
  "margin_std": 3.0714689871488356e-09,
  "margin_min": 2.776705770130603e-10,
  "margin_p10": 6.386423271300387e-10,
  "mean_nn_dist": 0.00411092909052968,
  "mean_pairwise_dist": 9.561479568481445,
  "mean_dist_from_seeds": 0.017887789756059647,
  "pixel_variance_mean": 0.06788729876279831
}