{
  "chosen_step_size": 0.0001,
  "seed_feasible_count": 12,
  "seed_total_count": 12,
  "step_candidates": [
    0.0001,
    3e-05,
    1e-05,
    3e-06,
    1e-06
  ],
  "n_samples": 20,
  "feasibility_rate": 1.0,
  "margin_mean": 3.1264739755123015e-11,
  "margin_std": 4.709287041069828e-11,
  "margin_min": 5.022448153433415e-13,
  "margin_p10": 1.7363320759012665e-12,
  "mean_nn_dist": 0.0002254001155961305,
  "mean_pairwise_dist": 11.113646507263184,
  "mean_dist_from_seeds": 0.002080406527966261,
  "pixel_variance_mean": 0.08900898694992065
}