{
  "chosen_step_size": 0.0001,
  "seed_feasible_count": 12,
  "seed_total_count": 12,
  "step_candidates": [
    0.0001,
    3e-05,
    1e-05,
    3e-06,
    1e-06
  ],
  "n_samples": 20,
  "feasibility_rate": 1.0,
  "margin_mean": 7.961474274687449e-11,
  "margin_std": 5.7735025721649346e-11,
  "margin_min": 4.00866537660415e-12,
  "margin_p10": 2.028769897654947e-11,
  "mean_nn_dist": 0.004305209033191204,
  "mean_pairwise_dist": 9.846527099609375,
  "mean_dist_from_seeds": 0.016313347965478897,
  "pixel_variance_mean": 0.07016241550445557
}