{
  "chosen_step_size": 0.0001,
  "seed_feasible_count": 12,
  "seed_total_count": 12,
  "step_candidates": [
    0.0001,
    3e-05,
    1e-05,
    3e-06,
    1e-06
  ],
  "n_samples": 20,
  "feasibility_rate": 1.0,
  "margin_mean": 5.362472006054567e-10,
  "margin_std": 6.695063623780112e-10,
  "margin_min": 1.1528920576940119e-11,
  "margin_p10": 6.953794336493481e-11,
  "mean_nn_dist": 0.004944933112710714,
  "mean_pairwise_dist": 7.334395408630371,
  "mean_dist_from_seeds": 0.019975382834672928,
  "pixel_variance_mean": 0.03956344351172447
}