{
  "chosen_step_size": 0.0001,
  "seed_feasible_count": 12,
  "seed_total_count": 12,
  "step_candidates": [
    0.0001,
    3e-05,
    1e-05,
    3e-06,
    1e-06
  ],
  "n_samples": 20,
  "feasibility_rate": 1.0,
  "margin_mean": 1.5062902471626694e-09,
  "margin_std": 2.84867334776586e-09,
  "margin_min": 1.109732653211624e-12,
  "margin_p10": 2.776479502680438e-11,
  "mean_nn_dist": 0.003782807383686304,
  "mean_pairwise_dist": 8.362276077270508,
  "mean_dist_from_seeds": 0.015449312515556812,
  "pixel_variance_mean": 0.0523785762488842
}