{
  "chosen_step_size": 0.0001,
  "seed_feasible_count": 12,
  "seed_total_count": 12,
  "step_candidates": [
    0.0001,
    3e-05,
    1e-05,
    3e-06,
    1e-06
  ],
  "n_samples": 20,
  "feasibility_rate": 1.0,
  "margin_mean": 6.69410746498585e-10,
  "margin_std": 6.654182309733035e-10,
  "margin_min": 8.700708321671291e-11,
  "margin_p10": 1.3812374460653176e-10,
  "mean_nn_dist": 0.00013738867710344493,
  "mean_pairwise_dist": 8.814846992492676,
  "mean_dist_from_seeds": 0.002420023549348116,
  "pixel_variance_mean": 0.056706205010414124
}