{
  "chosen_step_size": 0.0001,
  "seed_feasible_count": 12,
  "seed_total_count": 12,
  "step_candidates": [
    0.0001,
    3e-05,
    1e-05,
    3e-06,
    1e-06
  ],
  "n_samples": 20,
  "feasibility_rate": 1.0,
  "margin_mean": 1.8091304260606452e-10,
  "margin_std": 1.4324554711108042e-10,
  "margin_min": 7.204208709296471e-12,
  "margin_p10": 2.8265924759416153e-11,
  "mean_nn_dist": 0.003273364622145891,
  "mean_pairwise_dist": 8.667085647583008,
  "mean_dist_from_seeds": 0.015787851065397263,
  "pixel_variance_mean": 0.05438532680273056
}