{
  "chosen_step_size": 0.0001,
  "seed_feasible_count": 12,
  "seed_total_count": 12,
  "step_candidates": [
    0.0001,
    3e-05,
    1e-05,
    3e-06,
    1e-06
  ],
  "n_samples": 20,
  "feasibility_rate": 1.0,
  "margin_mean": 2.146604738375967e-11,
  "margin_std": 2.1841989626947458e-11,
  "margin_min": 4.824282584607473e-13,
  "margin_p10": 2.0141379790736203e-12,
  "mean_nn_dist": 0.0029750901740044355,
  "mean_pairwise_dist": 6.678403854370117,
  "mean_dist_from_seeds": 0.014358887448906898,
  "pixel_variance_mean": 0.044794872403144836
}