{
  "chosen_step_size": 0.0001,
  "seed_feasible_count": 12,
  "seed_total_count": 12,
  "step_candidates": [
    0.0001,
    3e-05,
    1e-05,
    3e-06,
    1e-06
  ],
  "n_samples": 20,
  "feasibility_rate": 1.0,
  "margin_mean": 1.2132239789322138e-10,
  "margin_std": 1.0826981820991732e-10,
  "margin_min": 1.9464115066403187e-11,
  "margin_p10": 2.9089445574612424e-11,
  "mean_nn_dist": 0.004669422749429941,
  "mean_pairwise_dist": 4.639959335327148,
  "mean_dist_from_seeds": 0.018390759825706482,
  "pixel_variance_mean": 0.015841929242014885
}