{
  "chosen_step_size": 0.0001,
  "seed_feasible_count": 12,
  "seed_total_count": 12,
  "step_candidates": [
    0.0001,
    3e-05,
    1e-05,
    3e-06,
    1e-06
  ],
  "n_samples": 20,
  "feasibility_rate": 1.0,
  "margin_mean": 3.1003054784255855e-08,
  "margin_std": 2.690084138045736e-08,
  "margin_min": 1.3812775752386253e-09,
  "margin_p10": 6.56053722177761e-09,
  "mean_nn_dist": 0.0028669596649706364,
  "mean_pairwise_dist": 7.741286754608154,
  "mean_dist_from_seeds": 0.01400348823517561,
  "pixel_variance_mean": 0.04324554279446602
}