{
  "chosen_step_size": 0.0001,
  "seed_feasible_count": 12,
  "seed_total_count": 12,
  "step_candidates": [
    0.0001,
    3e-05,
    1e-05,
    3e-06,
    1e-06
  ],
  "n_samples": 20,
  "feasibility_rate": 1.0,
  "margin_mean": 5.563023704041726e-09,
  "margin_std": 5.949872125608564e-09,
  "margin_min": 8.604831715455107e-11,
  "margin_p10": 7.137481465030131e-10,
  "mean_nn_dist": 0.002793726744130254,
  "mean_pairwise_dist": 5.938802719116211,
  "mean_dist_from_seeds": 0.013055739924311638,
  "pixel_variance_mean": 0.026960572227835655
}