{
  "chosen_step_size": 0.0001,
  "seed_feasible_count": 12,
  "seed_total_count": 12,
  "step_candidates": [
    0.0001,
    3e-05,
    1e-05,
    3e-06,
    1e-06
  ],
  "n_samples": 20,
  "feasibility_rate": 1.0,
  "margin_mean": 1.2575456060565297e-09,
  "margin_std": 1.0867692313200345e-09,
  "margin_min": 2.2511472931056033e-11,
  "margin_p10": 1.4972323697100244e-10,
  "mean_nn_dist": 0.0003679456713143736,
  "mean_pairwise_dist": 6.498394012451172,
  "mean_dist_from_seeds": 0.00336179556325078,
  "pixel_variance_mean": 0.03182712942361832
}