{
  "chosen_step_size": 0.0001,
  "seed_feasible_count": 12,
  "seed_total_count": 12,
  "step_candidates": [
    0.0001,
    3e-05,
    1e-05,
    3e-06,
    1e-06
  ],
  "n_samples": 20,
  "feasibility_rate": 1.0,
  "margin_mean": 2.681671010595738e-09,
  "margin_std": 2.6416297551394163e-09,
  "margin_min": 2.8291031463937207e-10,
  "margin_p10": 3.6897880472684304e-10,
  "mean_nn_dist": 0.0009659778443165123,
  "mean_pairwise_dist": 7.83058500289917,
  "mean_dist_from_seeds": 0.0073104193434119225,
  "pixel_variance_mean": 0.0462069995701313
}