{
  "chosen_step_size": 0.0001,
  "seed_feasible_count": 12,
  "seed_total_count": 12,
  "step_candidates": [
    0.0001,
    3e-05,
    1e-05,
    3e-06,
    1e-06
  ],
  "n_samples": 20,
  "feasibility_rate": 1.0,
  "margin_mean": 8.813598661780636e-11,
  "margin_std": 8.657555636318692e-11,
  "margin_min": 1.241121916426401e-12,
  "margin_p10": 4.892633238965128e-12,
  "mean_nn_dist": 0.003797857789322734,
  "mean_pairwise_dist": 11.9351224899292,
  "mean_dist_from_seeds": 0.01650858297944069,
  "pixel_variance_mean": 0.10279576480388641
}