{
  "chosen_step_size": 0.0001,
  "seed_feasible_count": 12,
  "seed_total_count": 12,
  "step_candidates": [
    0.0001,
    3e-05,
    1e-05,
    3e-06,
    1e-06
  ],
  "n_samples": 20,
  "feasibility_rate": 1.0,
  "margin_mean": 5.8538872167854466e-08,
  "margin_std": 2.003354605407689e-09,
  "margin_min": 5.482364279936037e-08,
  "margin_p10": 5.484885725439107e-08,
  "mean_nn_dist": 0.005429312586784363,
  "mean_pairwise_dist": 1.2970776557922363,
  "mean_dist_from_seeds": 0.021561305969953537,
  "pixel_variance_mean": 0.0012385923182591796
}